Short;Kids Fashion;SCCE-SML;Short Chalis Color Entero S-M-L;Unidad;150;8;7;6.5
Short;Kids Fashion;SCE-SML;Short Chalis Estampado S-M-L;Unidad;150;8;7;6.5
Short;Kids Fashion;SCCV-SML;Short Chalis Con Vena S-M-L;Unidad;150;10;9;8.5
Short;Kids Fashion;SSCL-SML;Short Ston Con Lazo S-M-L;Unidad;150;15;14;13
Short;Kids Fashion;SCS-SML;Short Cargo Ston S-M-L;Unidad;150;15;14;13
Short;Kids Fashion;SC-SML;Short Cuadros S-M-L;Unidad;150;17;16;15
Short;Kids Fashion;SL-SML;Short Lino S-M-L;Unidad;150;12;11;10
Short;Kids Fashion;SCCE-Nina;Short Chalis Color Entero Niña;Unidad;150;6;5;4.5
Short;Kids Fashion;SCE-Nina;Short Chalis Estampado Niña;Unidad;150;6;5;4.5
Short;Kids Fashion;SPCE-SML;Short Piel Color Entero S-M-L;Unidad;150;9;8;7
Short;Kids Fashion;SPR-SML;Short Piel Rayas S-M-L;Unidad;150;9;8;7
Short;Kids Fashion;SPM-SML;Short Piel Minipri S-M-L;Unidad;150;7;6;5
Pantalon y Chavo;Kids Fashion;PE-SML;Pantalon Economico S-M-L;Unidad;150;14;13;12
Pantalon y Chavo;Kids Fashion;PCV-SML;Pantalon Con Vena S-M-L;Unidad;150;14;13;12
Pantalon y Chavo;Kids Fashion;PC-SML;Pantalon Catania S-M-L;Unidad;150;30;29;28
Pantalon y Chavo;Kids Fashion;PSC-SML;Pantalon Ston Cuadros  S-M-L;Unidad;150;32;31;30
Pantalon y Chavo;Kids Fashion;PL-SML;Pantalon Loma S-M-L;Unidad;150;32;31;30
Pantalon y Chavo;Kids Fashion;PP-SML;Pantalon Palazo S-M-L;Unidad;150;22;21;20
Pantalon y Chavo;Kids Fashion;PJ-SML;Pantalon Jogger S-M-L;Unidad;150;24;23;22
Pantalon y Chavo;Kids Fashion;PPM-Adulto;Pantalon Piel Minipri Adulto;Unidad;150;10;9;8.5
Pantalon y Chavo;Kids Fashion;PPM-Nina;Pantalon Piel Minipri Niña;Unidad;150;8;7;6
Pantalon y Chavo;Kids Fashion;PPR-SML;Pantalon Piel Rayas S-M-L;Unidad;150;12;11;10
Pantalon y Chavo;Kids Fashion;PPCE-SML;Pantalon Piel Color Entero S-M-L;Unidad;150;12;11;10
Pantalon y Chavo;Kids Fashion;CE-SML;Chavo Economico S-M-L;Unidad;150;12;11;10
Pantalon y Chavo;Kids Fashion;CPMN-468;Chavo Piel Minipri Niña 4-6-8;Unidad;150;8;7;6
Pantalon y Chavo;Kids Fashion;CPMN-10121416;Chavo Piel Minipri Niña 10-12-14-16;Unidad;150;8;7;6.5
Pantalon y Chavo;Kids Fashion;CPM-Adulto;Chavo Piel Minipri Adulto;Unidad;150;9;8;7.5
Pantalon y Chavo;Kids Fashion;BC-SML;Bermuda Caballero S-M-L;Unidad;150;17;16;15
Pantalon y Chavo;Kids Fashion;CL-SML;Chavo Lino S-M-L;Unidad;150;17;16;15
Pantalon y Chavo;Kids Fashion;CPR-SML;Chavo Piel Rayas S-M-L;Unidad;150;10;9;8.5
Pantalon y Chavo;Kids Fashion;CPCE-SML;Chavo Piel Color Entero S-M-L;Unidad;150;10;9;8.5
Vestido Corto;Kids Fashion;VPCE;Vestido Paty Corto Estampado;Unidad;150;19;18;17
Vestido Corto;Kids Fashion;VJCE;Vestido Jalapita Corto Estampado;Unidad;150;19;18;17
Vestido Corto;Kids Fashion;VCCCE;Vestido Con Copa Corto Estampado;Unidad;150;20;19;18
Vestido Corto;Kids Fashion;VECE;Vestido Ela Corto Estampado;Unidad;150;22;21;20
Vestido Corto;Kids Fashion;VCACE;Vestido Con Amarre Corto Estampado;Unidad;150;19;18;17
Vestido Corto;Kids Fashion;VETCE;Vestido Eliza Tira Corto Estampado;Unidad;150;19;18;17
Vestido Corto;Kids Fashion;VMACE;Vestido Manga Acero Corto Estampado;Unidad;150;18;17;18
Vestido Corto;Kids Fashion;VCMCE;Vestido Con Manga Corto Estampado;Unidad;150;22;21;20
Vestido Corto;Kids Fashion;VECCE;Vestido Ela Corto Color Entero;Unidad;150;22;21;20
Vestido Corto;Kids Fashion;VLCCE;Vestido Lazo al costado Corto Color Entero;Unidad;150;22;21;20
Vestido Corto;Kids Fashion;VMACCE;Vestido Manga Acero Corto Color Entero;Unidad;150;22;21;20
Vestido Corto;Kids Fashion;VCCCE;Vestido Cargo Corto Color Entero;Unidad;150;22;21;20
Vestido Corto;Kids Fashion;VAPCCE;Vestido Amarre en el Pecho Corto Color Entero;Unidad;150;22;21;20
Vestido Corto;Kids Fashion;ESCCE;Enterizo Susana Corto Color Entero;Unidad;150;25;24;23
Vestido Corto;Kids Fashion;ERCCE;Enterizo Rumbera Corto Color Entero;Unidad;150;22;21;20
Vestido Largo;Kids Fashion;VJE;Vestido Jalapita Estampado;Unidad;150;23;22;21
Vestido Largo;Kids Fashion;VYE;Vestido Yeni Estampado;Unidad;150;23;22;21
Vestido Largo;Kids Fashion;VETE;Vestido Eliza Tira Estampado;Unidad;150;23;22;21
Vestido Largo;Kids Fashion;VBE;Vestido Bolas Estampado;Unidad;150;23;22;21
Vestido Largo;Kids Fashion;VCE;Vestido Cruzado Estampado;Unidad;150;23;22;21
Vestido Largo;Kids Fashion;VEE;Vestido Ela Estampado;Unidad;150;25;24;23
Vestido Largo;Kids Fashion;VBLE;Vestido Betty Largo Estampado;Unidad;150;27;26;25
Vestido Largo;Kids Fashion;VELE;Vestido Estela Largo Estampado;Unidad;150;27;26;25
Vestido Largo;Kids Fashion;VHE;Vestido Hermana Estampado;Unidad;150;27;26;25
Vestido Largo;Kids Fashion;VACE;Vestido Argolla Color Entero;Unidad;150;27;26;25
Vestido Largo;Kids Fashion;VMACE;Vestido Manga Acero Color Entero;Unidad;150;27;26;25
Vestido Largo;Kids Fashion;VAPCE;Vestido Amarre en el Pecho Color Entero;Unidad;150;27;26;25
Vestido Largo;Kids Fashion;VSC;Vestido Ston Cuadros;Unidad;150;22;21;20
Vestido Largo;Kids Fashion;JCS-M;Jamper Cuadros S-M;Unidad;150;22;21;20
Faldas;Kids Fashion;FS-SML;Falda Ston S-M-L;Unidad;150;20;19;18
Faldas;Kids Fashion;FL-SML;Falda Loma S-M-L;Unidad;150;22;21;20
Faldas;Kids Fashion;FSC-SML;Falda Short Cuadros S-M-L;Unidad;150;19;18;17
Faldas;Kids Fashion;FCC-SML;Falda Corta Chalis S-M-L;Unidad;150;13;12;11
Faldas;Kids Fashion;FC-SML;Faldon Chalis S-M-L;Unidad;150;17;16;15
